Comparison,t_statistic,p_value,mean_diff,significant
Raw vs Gaussian,-0.015868848754162796,0.9873455075449116,-2.586624839908359e-7,FALSE
Raw vs Student-t,1.9851243886900245,0.04769001838880499,3.318547300646688e-5,TRUE
Gaussian vs Student-t,3.6064318512310134,3.423972856412063e-4,3.344413549045772e-5,TRUE
