Model,Mean Return,Max Weight,Omega Ratio,CVaR (95%),Invested Stocks,Min Nonzero Weight,Sortino Ratio,All Nonnegative,Cumulative PnL,Capacity,Volatility,Weights Valid,Sharpe Ratio,Information Ratio,HHI Index,Weights Sum,Downside Deviation
MV,0.0007000000000000002,0.4041442883155235,1.1789536867966621,-0.021343948565227797,5,0.011802895897224192,0.11033013783299442,true,14.068372232433996,3.3087167655615093,0.010725227587318602,true,0.06526668029195697,-0.019575466003771805,0.3022319741624345,1.0,0.00634459462979719
CVaR,0.0006999999999999999,0.23759207594435433,1.2005660916059555,-0.018846513734395748,10,0.0194829536346388,0.12415286574080454,true,14.777794417957146,5.70600811059499,0.00965485786182564,true,0.07250236202520714,-0.021673919304847078,0.17525386936327467,0.9999999999999999,0.005638210570679846
Omega,0.0011280689709754945,0.18550364674064085,1.2319499409040044,-0.026630942340288392,10,0.022659035769715476,0.14277258914804622,true,78.05047613819062,7.9712021350262425,0.013627315106666487,true,0.08277998726422953,0.054155021663983005,0.12545159225180127,1.0,0.007901159303105148
MVBU,0.0007,0.42093163776816245,1.1788538126863415,-0.021357651770344592,4,0.0032020465922777963,0.11046867015223084,true,14.065600976136443,3.228019194425758,0.010729298412943974,true,0.06524191732383082,-0.0191733339496024,0.30978750117930853,1.0,0.006336638243543334
MVEU,0.0007698956292659601,0.05181136922674718,1.18324046550622,-0.022748150262152805,30,0.018439438358565742,0.1146348841975537,true,18.449973190771775,28.32560209025458,0.011573740715075099,true,0.06652089831796136,-0.050435584472638156,0.03530375088987252,1.0,0.006716067579735817
